-- GERBONG
INSERT INTO gerbong (id_gerbong, no_gerbong, jumlah_kursi, no_setiap_kursi, fasilitas, kelas)
VALUES 
(101, 1, 50, '1A-10E', 'AC, Stop Kontak', 'Ekonomi'),
(102, 2, 40, '1A-8E', 'AC, Stop Kontak, TV', 'Bisnis'),
(103, 3, 30, '1A-6E', 'AC, Stop Kontak, TV, Makanan', 'Eksekutif');

-- LOKOMOTIF
INSERT INTO lokomotif (id_lokomotif, nama_lokomotif, jenis_lokomotif) VALUES
(1, 'CC201', 'Diesel-Elektrik'),
(2, 'CC203', 'Diesel-Elektrik'),
(3, 'CC204', 'Diesel-Elektrik'),
(4, 'CC205', 'Diesel-Hidraulik'),
(5, 'CC206', 'Diesel-Elektrik'),
(6, 'BB301', 'Diesel-Hidraulik'),
(7, 'BB304', 'Diesel-Hidraulik'),
(8, 'BB306', 'Diesel-Elektrik'),
(9, 'CC300', 'Listrik-Baterai'),
(10, 'BB200', 'Diesel-Elektrik');

-- STASIUN
INSERT INTO stasiun (id_stasiun, nama_stasiun, lokasi_stasiun) VALUES
(1, 'Stasiun Gambir', 'Jakarta Pusat'),
(2, 'Stasiun Bandung', 'Bandung'),
(3, 'Stasiun Tugu', 'Yogyakarta'),
(4, 'Stasiun Pasar Turi', 'Surabaya'),
(5, 'Stasiun Medan', 'Medan');

-- KURSI
INSERT INTO kursi (id_kursi, id_gerbong, nomor_kursi, status_kursi) VALUES
(1001, 101, 'A1', 'terisi'),
(1002, 101, 'A2', 'terisi'),
(1003, 102, 'B1', 'terisi'),
(1004, 103, 'C1', 'terisi'),
(1005, 103, 'C2', 'kosong'),
(1006, 103, 'C3', 'kosong');

-- JADWAL
INSERT INTO jadwal (
    id_jadwal,
    id_lokomotif,
    id_gerbong,
    stasiun_keberangkatan,
    stasiun_tujuan,
    waktu_keberangkatan,
    waktu_kedatangan,
    jarak
) VALUES
(1, 1, 101, 1, 3, '2025-05-18 08:00:00', '2025-05-18 11:00:00', 100),
(2, 2, 102, 3, 5, '2025-05-18 09:30:00', '2025-05-18 14:00:00', 250),
(3, 3, 103, 4, 2, '2025-05-19 10:00:00', '2025-05-19 14:00:00', 300);

-- PETUGAS
INSERT INTO data_petugas (id_petugas, nama_petugas) VALUES
(1, 'Rina'),
(2, 'Budi'),
(3, 'Sari'),
(4, 'Tono'),
(5, 'Yani'),
(6, 'Anton'),
(7, 'Desi'),
(8, 'Wawan'),
(9, 'Lia'),
(10, 'Bayu'),
(11, 'Citra'),
(12, 'Hendra'),
(13, 'Rita'),
(14, 'Dedi'),
(15, 'Maya'),
(16, 'Riko'),
(17, 'Indah'),
(18, 'Agus'),
(19, 'Nina'),
(20, 'Bambang'),
(21, 'Tari'),
(22, 'Dian'),
(23, 'Fajar'),
(24, 'Melati'),
(25, 'Soleh'),
(26, 'Vina'),
(27, 'Galih'),
(28, 'Putri'),
(29, 'Arif'),
(30, 'Lilis'),
(31, 'Rahmat'),
(32, 'Yulia'),
(33, 'Ilham'),
(34, 'Nani'),
(35, 'Fadli');

-- PENUMPANG
INSERT INTO data_penumpang (id_penumpang, nama_penumpang, jenis_kelamin, usia) VALUES
(1, 'Andi', 'Laki-laki', 25),
(2, 'Dewi', 'Perempuan', 32),
(3, 'Joko', 'Laki-laki', 40),
(4, 'Lina', 'Perempuan', 21),
(5, 'Rian', 'Laki-laki', 30),
(6, 'Siska', 'Perempuan', 27),
(7, 'Bagas', 'Laki-laki', 22),
(8, 'Nadya', 'Perempuan', 26),
(9, 'Eko', 'Laki-laki', 31),
(10, 'Rani', 'Perempuan', 24),
(11, 'Fikri', 'Laki-laki', 28),
(12, 'Sari', 'Perempuan', 29),
(13, 'Dimas', 'Laki-laki', 35),
(14, 'Lala', 'Perempuan', 23),
(15, 'Yusuf', 'Laki-laki', 34),
(16, 'Mega', 'Perempuan', 25),
(17, 'Teguh', 'Laki-laki', 36),
(18, 'Ayuni', 'Perempuan', 33),
(19, 'Rangga', 'Laki-laki', 30),
(20, 'Fitri', 'Perempuan', 28),
(21, 'Zaki', 'Laki-laki', 32),
(22, 'Dewi Lestari', 'Perempuan', 31),
(23, 'Reza', 'Laki-laki', 27),
(24, 'Nia', 'Perempuan', 22),
(25, 'Adit', 'Laki-laki', 23),
(26, 'Melina', 'Perempuan', 24),
(27, 'Hadi', 'Laki-laki', 29),
(28, 'Selvi', 'Perempuan', 30),
(29, 'Beni', 'Laki-laki', 26),
(30, 'Anita', 'Perempuan', 27),
(31, 'Fahmi', 'Laki-laki', 35),
(32, 'Karina', 'Perempuan', 28),
(33, 'Iqbal', 'Laki-laki', 33),
(34, 'Lidya', 'Perempuan', 26),
(35, 'Zidan', 'Laki-laki', 24);

-- PEMESAN
INSERT INTO data_pemesan (id_pemesan, nama_pemesan, jumlah_tiket) VALUES
(201, 'Andi Wijaya', 2),
(202, 'Siti Nurhaliza', 1),
(203, 'Budi Santoso', 1),
(204, 'Rina Agustina', 1),
(205, 'Teguh Pambudi', 2),
(206, 'Nani Kartika', 1),
(207, 'Fajar Hidayat', 3),
(208, 'Melati Ayu', 2),
(209, 'Galih Saputra', 1),
(210, 'Putri Anjani', 2),
(211, 'Arif Nugroho', 1),
(212, 'Lilis Suryani', 1),
(213, 'Rahmat Hidayat', 2),
(214, 'Yulia Santoso', 1),
(215, 'Ilham Maulana', 3),
(216, 'Nani Sari', 2),
(217, 'Fadli Rizki', 1),
(218, 'Rian Hendra', 2),
(219, 'Siska Dewi', 2),
(220, 'Bagas Firmansyah', 1),
(221, 'Nadya Kusuma', 2),
(222, 'Eko Saputra', 1),
(223, 'Rani Pratiwi', 1),
(224, 'Fikri Ahmad', 2),
(225, 'Sari Amelia', 1),
(226, 'Dimas Nugraha', 2),
(227, 'Lala Widya', 1),
(228, 'Yusuf Gunawan', 1),
(229, 'Mega Lestari', 2),
(230, 'Teguh Santoso', 1),
(231, 'Ayuni Ramadhani', 1),
(232, 'Rangga Wijaya', 3),
(233, 'Fitri Wahyuni', 2),
(234, 'Zaki Pratama', 1),
(235, 'Dewi Lestari', 2);

-- TIKET
INSERT INTO data_tiket (id_tiket, id_penumpang, id_gerbong, id_kursi, id_jadwal, harga_tiket) VALUES
(1, 1, 101, 1001, 1, 150000.00),
(2, 2, 101, 1002, 1, 150000.00),
(3, 3, 102, 1003, 2, 160000.00),
(4, 4, 103, 1004, 3, 155000.00),
(5, 5, 103, 1005, 3, 155000.00),
(6, 6, 101, 1006, 1, 150000.00),
(7, 7, 101, 1007, 1, 150000.00),
(8, 8, 102, 1008, 2, 160000.00),
(9, 9, 103, 1009, 3, 155000.00),
(10, 10, 101, 1010, 1, 150000.00),
(11, 11, 101, 1011, 1, 150000.00),
(12, 12, 102, 1012, 2, 160000.00),
(13, 13, 103, 1013, 3, 155000.00),
(14, 14, 101, 1014, 1, 150000.00),
(15, 15, 101, 1015, 1, 150000.00),
(16, 16, 102, 1016, 2, 160000.00),
(17, 17, 103, 1017, 3, 155000.00),
(18, 18, 101, 1018, 1, 150000.00),
(19, 19, 101, 1019, 1, 150000.00),
(20, 20, 102, 1020, 2, 160000.00),
(21, 21, 103, 1021, 3, 155000.00),
(22, 22, 101, 1022, 1, 150000.00),
(23, 23, 101, 1023, 1, 150000.00),
(24, 24, 102, 1024, 2, 160000.00),
(25, 25, 103, 1025, 3, 155000.00),
(26, 26, 101, 1026, 1, 150000.00),
(27, 27, 101, 1027, 1, 150000.00),
(28, 28, 102, 1028, 2, 160000.00),
(29, 29, 103, 1029, 3, 155000.00),
(30, 30, 101, 1030, 1, 150000.00),
(31, 31, 101, 1031, 1, 150000.00),
(32, 32, 102, 1032, 2, 160000.00),
(33, 33, 103, 1033, 3, 155000.00),
(34, 34, 101, 1034, 1, 150000.00),
(35, 35, 102, 1035, 2, 160000.00);

-- TRANSAKSI
INSERT INTO data_transaksi (id_transaksi, id_pemesan, id_tiket, id_petugas, id_penumpang, waktu_pemesanan, status_transaksi) VALUES
(1, 201, 1, 1, 1, '2025-05-23 08:15:00', 'Berhasil'),
(2, 201, 2, 2, 2, '2025-05-23 09:00:00', 'Berhasil'),
(3, 202, 3, 3, 3, '2025-05-23 10:45:00', 'Berhasil'),
(4, 203, 4, 1, 4, '2025-05-23 11:30:00', 'Berhasil'),
(5, 204, 5, 2, 5, '2025-05-23 12:00:00', 'Berhasil'),
(6, 205, 6, 3, 6, '2025-05-23 12:15:00', 'Berhasil'),
(7, 206, 7, 1, 7, '2025-05-23 12:30:00', 'Berhasil'),
(8, 207, 8, 2, 8, '2025-05-23 12:45:00', 'Berhasil'),
(9, 208, 9, 3, 9, '2025-05-23 13:00:00', 'Berhasil'),
(10, 209, 10, 1, 10, '2025-05-23 13:15:00', 'Berhasil'),
(11, 210, 11, 2, 11, '2025-05-23 13:30:00', 'Berhasil'),
(12, 211, 12, 3, 12, '2025-05-23 13:45:00', 'Berhasil'),
(13, 212, 13, 1, 13, '2025-05-23 14:00:00', 'Berhasil'),
(14, 213, 14, 2, 14, '2025-05-23 14:15:00', 'Berhasil'),
(15, 214, 15, 3, 15, '2025-05-23 14:30:00', 'Berhasil'),
(16, 215, 16, 1, 16, '2025-05-23 14:45:00', 'Berhasil'),
(17, 216, 17, 2, 17, '2025-05-23 15:00:00', 'Berhasil'),
(18, 217, 18, 3, 18, '2025-05-23 15:15:00', 'Berhasil'),
(19, 218, 19, 1, 19, '2025-05-23 15:30:00', 'Berhasil'),
(20, 219, 20, 2, 20, '2025-05-23 15:45:00', 'Berhasil'),
(21, 220, 21, 3, 21, '2025-05-23 16:00:00', 'Berhasil'),
(22, 221, 22, 1, 22, '2025-05-23 16:15:00', 'Berhasil'),
(23, 222, 23, 2, 23, '2025-05-23 16:30:00', 'Berhasil'),
(24, 223, 24, 3, 24, '2025-05-23 16:45:00', 'Berhasil'),
(25, 224, 25, 1, 25, '2025-05-23 17:00:00', 'Berhasil'),
(26, 225, 26, 2, 26, '2025-05-23 17:15:00', 'Berhasil'),
(27, 226, 27, 3, 27, '2025-05-23 17:30:00', 'Berhasil'),
(28, 227, 28, 1, 28, '2025-05-23 17:45:00', 'Berhasil'),
(29, 228, 29, 2, 29, '2025-05-23 18:00:00', 'Berhasil'),
(30, 229, 30, 3, 30, '2025-05-23 18:15:00', 'Berhasil'),
(31, 230, 31, 1, 31, '2025-05-23 18:30:00', 'Berhasil'),
(32, 231, 32, 2, 32, '2025-05-23 18:45:00', 'Berhasil'),
(33, 232, 33, 3, 33, '2025-05-23 19:00:00', 'Berhasil'),
(34, 233, 34, 1, 34, '2025-05-23 19:15:00', 'Berhasil'),
(35, 234, 35, 2, 35, '2025-05-23 19:30:00', 'Berhasil');

-- PEMBERHENTIAN
INSERT INTO data_pemberhentian (id_stasiun, id_jadwal, jenis_pemberhentian, urutan_pemberhentian) VALUES
(1, 1, 'awal', 1),
(2, 1, 'antara', 2),
(3, 1, 'akhir', 3),
(3, 2, 'awal', 1),
(4, 2, 'antara', 2),
(5, 2, 'akhir', 3),
(4, 3, 'awal', 1),
(2, 3, 'akhir', 2),
(1, 5, 'awal', 1),
(2, 5, 'antara', 2),
(3, 5, 'akhir', 3),
(2, 6, 'awal', 1),
(4, 6, 'antara', 2),
(5, 6, 'akhir', 3),
(1, 7, 'awal', 1),
(3, 7, 'akhir', 2),
(4, 8, 'awal', 1),
(5, 8, 'antara', 2),
(6, 8, 'akhir', 3),
(2, 9, 'awal', 1),
(3, 9, 'akhir', 2),
(1, 10, 'awal', 1),
(5, 10, 'akhir', 2),
(4, 11, 'awal', 1),
(6, 11, 'akhir', 2),
(3, 12, 'awal', 1),
(4, 12, 'antara', 2),
(5, 12, 'akhir', 3),
(1, 13, 'awal', 1),
(2, 13, 'antara', 2),
(3, 13, 'akhir', 3),
(5, 14, 'awal', 1),
(6, 14, 'akhir', 2),
(2, 15, 'awal', 1),
(4, 15, 'akhir', 2);
